,AF3_Delta,AF3_Theta,AF3_Alpha,AF3_Beta,AF3_Gamma,F7_Delta,F7_Theta,F7_Alpha,F7_Beta,F7_Gamma,F3_Delta,F3_Theta,F3_Alpha,F3_Beta,F3_Gamma,FC5_Delta,FC5_Theta,FC5_Alpha,FC5_Beta,FC5_Gamma,T7_Delta,T7_Theta,T7_Alpha,T7_Beta,T7_Gamma,P7_Delta,P7_Theta,P7_Alpha,P7_Beta,P7_Gamma,O1_Delta,O1_Theta,O1_Alpha,O1_Beta,O1_Gamma,O2_Delta,O2_Theta,O2_Alpha,O2_Beta,O2_Gamma,P8_Delta,P8_Theta,P8_Alpha,P8_Beta,P8_Gamma,T8_Delta,T8_Theta,T8_Alpha,T8_Beta,T8_Gamma,FC6_Delta,FC6_Theta,FC6_Alpha,FC6_Beta,FC6_Gamma,F4_Delta,F4_Theta,F4_Alpha,F4_Beta,F4_Gamma,F8_Delta,F8_Theta,F8_Alpha,F8_Beta,F8_Gamma,AF4_Delta,AF4_Theta,AF4_Alpha,AF4_Beta,AF4_Gamma
0,0.28612449604128193,0.27669289007341663,0.11335619125123962,0.1988823905907454,0.18448320439316018,0.6491741670363252,0.13171547133382042,0.07355649722429539,0.08500878032399316,0.07614458161514111,0.7410376998919872,0.04652357106283603,0.05159281930865287,0.03449479117849512,0.03687963862377087,0.4889992427782663,0.2535470713902644,0.07830522857923283,0.15648989722703613,0.16280074529515784,0.9750684739773037,0.04828531460738721,0.012400446524415831,0.03856229080342051,0.03580215736374741,0.2337094481591269,0.29955063275592464,0.05127798817891083,0.22185510838236938,0.19310647880729442,0.6447307892879773,0.1895144171298293,0.0505067971461817,0.07354479018022128,0.07705650779689914,0.185913339419468,0.38405160516196196,0.14108803449062385,0.16980115997680414,0.19264384625225683,0.2787720666319096,0.2730507332391805,0.12773892257488142,0.1947461968518412,0.18592597880159373,0.2290425301802476,0.08590895344769492,0.23462828582017078,0.37970308507981415,0.33657236756233294,0.838210542772592,0.044182795634215025,0.020122487008377748,0.05516132005963594,0.06496410229889726,0.17019888466197391,0.47786135858484186,0.04629128643065087,0.17483310130113516,0.17254502126535254,1.0106180157225604,0.020596941515546523,0.015258229059708825,0.016448332201055318,0.02321717581736335,0.7610583769485175,0.10553104668661656,0.06136546695710267,0.055048779079187135,0.05992867408755767
1,0.17950681269445523,0.3425377494069368,0.043044324038733046,0.24091240316062262,0.19486859401666407,0.7002668590829154,0.12276048414691512,0.09702807856659337,0.08912158365888417,0.08323915479037168,0.25320911024319537,0.09866850016663693,0.01211013385186704,0.5106008757467806,0.5063246466662685,0.4394459025715944,0.19437460441642243,0.09080666010482645,0.1725268658694685,0.14328732139236905,0.7819923273189968,0.15507358265933843,0.03565774943960578,0.08014262500427732,0.06908213055029637,0.42422868403480846,0.3002980248776088,0.058565406403375604,0.058654474649080156,0.05870144811761693,0.4643413369006232,0.20719145038132844,0.11763077367827983,0.06326559923892022,0.07131863428422261,0.4335651565575454,0.11109021738570685,0.16646390149310103,0.08782090788558429,0.062424263278880066,0.34743806293646406,0.1574641874803003,0.12106916130299109,0.15706539029710948,0.09939616830993231,0.3652601441010623,0.1898163407509175,0.2348515212329692,0.13612679763996435,0.10266638448622878,0.8075173796674554,0.05175365463385916,0.07259145949622463,0.03523779686163321,0.036365259417288374,0.4564486397571298,0.24175029510968374,0.14303131089867444,0.10777163557472455,0.07508651792193373,0.8633681829276596,0.016565098946504833,0.03019155380792615,0.007618986317166852,0.009491389844978548,0.9089927580269119,0.05424198826766252,0.026876180035317106,0.05771940304249246,0.057077540460899814
2,0.7130088740453413,0.05524001035046209,0.08301772961901438,0.07456888758488064,0.07464382171102855,0.8831903194923493,0.023274145702238718,0.02771342772644325,0.019294500873089877,0.02467861301466427,0.8100198209419888,0.04375143828823901,0.06499543247147249,0.04072037911108706,0.042494154077829895,0.8453804671785873,0.037264807898643615,0.025119354306211032,0.03065806772774704,0.04277186919267969,0.7195753988149639,0.08805913936184338,0.08799931029458441,0.05395410712845202,0.06743687140623524,0.6353008122415785,0.10548110574374558,0.15361088203356107,0.05247562602933939,0.034068239150302125,0.682568063250188,0.06015788961192808,0.1122833984774743,0.061292541060399885,0.06089860503061078,0.542883477858419,0.10264230260793701,0.163152591888411,0.08579044965755582,0.08840895245825141,0.907876090341689,0.013397682069066143,0.025596353622904598,0.025965895178063213,0.030374259527535225,0.4777159125838672,0.1605926609539504,0.050811236401814557,0.06915379747785433,0.061904448129161446,0.2598388342843436,0.20885279161227652,0.0650047587790178,0.17886031671232985,0.20668936769174673,0.7162390509715796,0.10210648272551473,0.053043490118735076,0.09688447379516923,0.10739037905169631,0.7264413139542812,0.04598084058864993,0.02963928004652822,0.055771274394389794,0.05898144999592798,0.8540547447556354,0.08959586733414275,0.050760329595108684,0.026702379556740024,0.02611332770138119
3,0.3139120322683746,0.1918607919479667,0.15954056179406634,0.19614599830183382,0.21661091507940647,0.8313991821763266,0.05443917484764198,0.046276890903863645,0.09489098921460551,0.09304766904060847,0.4089470184540987,0.1475230258661606,0.07071470822519399,0.20979628435912212,0.23153039938878514,0.34987499711578485,0.2816643337086511,0.14113512493044744,0.1694642607838205,0.14381493295153575,0.74647998272505,0.015789178812357415,0.12188339686314202,0.11966180046345078,0.11162755739400143,0.3106496252841057,0.12397007518664478,0.2760925452755095,0.16336532963220005,0.1556630409717793,0.31041452828075694,0.10520743240319318,0.20583708769603928,0.09686344529334358,0.10004937371730135,0.14567308168050364,0.2557342890673998,0.17781120234558645,0.13619342684238267,0.13496873407165114,0.3889265506751058,0.18303857936525775,0.09990052644753128,0.16085171501608264,0.16056094487715455,0.5029403689639422,0.08004059275897973,0.06269004889263546,0.1812105980509339,0.1935795839769411,0.2567903151597512,0.08327356716126874,0.19130806915738202,0.11459253086585254,0.11580091059352446,0.9842060385494902,0.019798516851326102,0.020729873725629355,0.04049932587507863,0.03288063302238854,0.4938802782293256,0.045238916554666324,0.0669528660641073,0.07713212364452718,0.06776784796870491,0.4474860765827142,0.1018293966912764,0.2000849529042479,0.26182361876780363,0.2103063167282433
4,0.6042212270487726,0.1852084941514609,0.046632062513875305,0.16275271598729862,0.15589143293575122,0.5278797383653697,0.1356666483965567,0.08934591793174677,0.26269312658968597,0.2411921641515094,0.49616100592291806,0.07686236319097368,0.03819575816157294,0.3523185988365224,0.3396011260163793,0.5511841610289018,0.10183831659830409,0.11646781271083784,0.2791009293536708,0.2739272391906441,0.6825744445720797,0.06686690091992835,0.03875839911279634,0.09743632795859396,0.08305628278155107,0.46060657384226544,0.1758297748084894,0.07917354916414973,0.15454624562355687,0.1377803682324637,0.5906705836435882,0.1747226335800448,0.08602328957483478,0.07259306238915261,0.07293354749440735,0.4310128396823558,0.2382398173634263,0.1642071752387855,0.1188313804647071,0.09868325065565012,0.84020417508276,0.07216486594174984,0.05906943243500249,0.0810466264007028,0.07455448152795012,0.47764063797611667,0.06895129920119204,0.18875328894429957,0.17973854407179002,0.18429560097312256,0.6981593933409415,0.03089673672886684,0.10236522206742646,0.16003934184690133,0.15218659554792616,0.28282499090835583,0.2417040041864352,0.1578060242876705,0.30920688995758977,0.2689368688986198,0.5729830725908621,0.16643442712835785,0.062048374809115125,0.17458622464370266,0.155830096213752,0.731979576916951,0.09430485867045899,0.06711235048404207,0.054621654859924214,0.05052715808160741
5,0.3559496240166256,0.19718448893673365,0.11958039186011542,0.2569424790715645,0.2759028904159305,0.4354138653765075,0.2468828528673048,0.016771886083142,0.13799210825105182,0.1419029222576965,0.30838281397427714,0.13687816438020545,0.1476872100034894,0.19699444540541944,0.1745814561722673,0.537983490607185,0.0764162191198176,0.09736567305663635,0.18199161597327684,0.21799776809767896,0.3786462786421587,0.15839037523704777,0.15032296183062033,0.17056083334353023,0.1809750356389391,0.34275534053568163,0.2254902609874391,0.2654546135374709,0.10499799199412821,0.10125101504644478,0.5152617413288444,0.1459018442246635,0.25204573716324874,0.07436153597835189,0.08642473764066194,0.4473459407569818,0.20926123331495772,0.14952696546945157,0.09760887346816996,0.12219231659662522,0.4169014686807316,0.3197671139070312,0.03343607630813769,0.11459673435824252,0.11798822650365938,0.3766221828037294,0.17097299660509407,0.1866375164608347,0.10006248355232258,0.12035629318898225,0.23054860360090937,0.30150191339393695,0.10075325392344377,0.20116146003539562,0.19030181086293144,0.3853306311707587,0.18843191361067252,0.10214588298991745,0.2119872338166465,0.21682655087974537,0.3180236590691692,0.25816163158603866,0.09440394252832406,0.19174712626410595,0.17274371367939723,0.7615563805889294,0.11296583728127009,0.04102950200749679,0.03869350437208983,0.0435401537223243
6,0.48815358421011074,0.31479309712049314,0.08295810763033179,0.08541148581792048,0.06855317279311504,0.6884109432673978,0.16275557913803393,0.05542814761454136,0.033470103144075176,0.017298253074916826,0.6842581110649117,0.10246230537005158,0.03748072295854867,0.09980884449222453,0.10570930611406329,0.32774243562465205,0.30362991829473507,0.1458380054426382,0.0628466489190238,0.058732380071001324,0.663086455938867,0.13949228134449648,0.09162598822222129,0.06728518970541404,0.05529408856674139,0.38008766784091347,0.10763799366066108,0.20861819427338055,0.08192335613932698,0.0736307001984124,0.14576314705661172,0.2501787921202199,0.2016105128508565,0.15088735535041084,0.084947734004204,0.021988765601638954,0.3846249322905026,0.2063711577413117,0.06387197035281011,0.051007087006706094,0.2632319715396995,0.3866245804719885,0.09447484212107565,0.12383871751788583,0.10928624503409048,0.42186236576079444,0.23822322153067163,0.1513379540294104,0.0799374690032852,0.07580979291900092,0.4807364384031408,0.09698111674325952,0.1351221812151496,0.11221293788099064,0.11275772004346561,0.5323553661747257,0.028912868522253124,0.16566731818327757,0.23171716504526393,0.24228150890234781,0.4567458242513123,0.19566010112368595,0.13125950846784598,0.0387244337073319,0.0362657862270021,0.7659034540891932,0.04049717786430272,0.048697648434290884,0.10181461227307113,0.09061249238302374
7,0.32983318800532435,0.19457588284876895,0.028079509053445563,0.04217108842835726,0.05494124263520184,0.48034194463125707,0.14696109444418387,0.05269476011823531,0.03453292295570553,0.023372360314558503,0.6105624157927357,0.11345215251726172,0.06254700077069096,0.05558286271596094,0.05234115669099809,0.5318777747278988,0.14173553069877073,0.037683773402917425,0.06043707121274259,0.05271732780702067,0.8189310274766006,0.10484570789025738,0.038659817242952935,0.05270879034889089,0.04452685798244266,0.7808289647420934,0.03997366696649258,0.06121914773719791,0.04045601291284601,0.027078259229638184,0.7181995723131583,0.07267976868032387,0.0766147080590647,0.06279396618947816,0.04991243006882398,0.25103147909997553,0.24893739461082873,0.23153432812312558,0.10110694663123047,0.09497920068576668,0.7377649911284427,0.055073199608794324,0.08613602921795403,0.04177349864587413,0.04117279037229994,0.5276014188603483,0.07751230537717738,0.13635871378178413,0.03327103137108566,0.02883995586794417,0.6905135491140004,0.04745060432910446,0.018371092120631385,0.01996286145687798,0.02044148821953032,0.617651495485622,0.0727489219038951,0.08957295189294649,0.09646582458211744,0.09225190656726817,0.6684502394688614,0.06151597569412107,0.006736772886409595,0.008026420266778102,0.006664722848092165,0.5500723137272578,0.040753564530504174,0.14241036237080526,0.0653988658099343,0.06382283922787327
8,0.45794024273915446,0.13484163623890735,0.07874489905007236,0.1631857791128259,0.13646698884280975,0.33513387487072543,0.1941705716896882,0.13488819924532658,0.12697887711992112,0.15620420148901218,0.6673463214413065,0.06133790830927155,0.053688427061505,0.11745618965823325,0.11088322747262269,0.2681936685328321,0.188028732384753,0.16390034197856926,0.13444742372147483,0.1314644023910176,0.7099299973456155,0.10057328518950959,0.03969571723919299,0.025988624952306985,0.023633310660418946,0.47357287535313125,0.06549339496875617,0.09482124807862424,0.10756426024543161,0.11582287199180909,0.4738677032284684,0.14331305916658096,0.0431824432300529,0.06695738256347525,0.05693464783889222,0.4084714852810928,0.06424415194899578,0.2601106281111925,0.07900912589151,0.09886085739773558,0.607303922567618,0.03953066023190931,0.1273158534374786,0.11293163512436157,0.10859708852051944,0.12900034818197798,0.2779892379815393,0.08496760533910934,0.17620525319563804,0.18985705738795625,0.47506028364075825,0.11329239045847346,0.07866429798556905,0.07245596480824593,0.06996304372653185,0.2433779237552511,0.16930670704907957,0.15933423383033526,0.28214889415988836,0.2733172234294945,0.4326871753363553,0.12630502461806944,0.11676937877381569,0.06907543497572606,0.05357429134184845,0.6858144585012839,0.03475962157431214,0.049505996615641486,0.09673605181749348,0.08708775132954753
9,0.532537157611708,0.11881294958394097,0.03597871938596889,0.223631277846953,0.2221561099298436,0.280166147923616,0.14570458970336134,0.040343653837637036,0.13825997785926752,0.13696426673938117,0.3753771020170978,0.10988026758203989,0.08763006235281436,0.43345058204873027,0.363880774890888,0.29684744839662197,0.11095082092981233,0.08747878503954969,0.20137946281162225,0.19888255518042103,0.24841071620851074,0.23282866716857673,0.1196659485614588,0.09308393606394051,0.0820373410718427,0.26785816122960393,0.23019786798062072,0.09796265255561178,0.21156173974550302,0.18079709686726855,0.30787116832279887,0.0799785499482326,0.0622751547863595,0.2637410460366703,0.22215938268471577,0.3027457589156592,0.061757712075910576,0.1543377957011151,0.17316820212249248,0.17759085047175704,0.23625495854468434,0.08692336344173238,0.15001190041137047,0.28232566650515784,0.2699114738660784,0.34707914281832913,0.10270164059561726,0.06716548111352973,0.2617152011704121,0.14348540901696738,0.19760474174295076,0.11782102013252475,0.2519973129318448,0.11130750478796736,0.10089760759122167,0.3548983342847741,0.218565163589703,0.10714703978197655,0.20033783214967077,0.16657687135071503,0.4509633149489165,0.05474292616137983,0.16837864210966597,0.10980355521058999,0.09171355712949233,0.2738991478192988,0.14387129536180526,0.1479392583774961,0.30572682105558935,0.31755822173827325
10,0.35953390728875484,0.2678844707987342,0.15854087213440166,0.18519734167354024,0.1688246145423037,0.5981907251908657,0.09351007290862384,0.0956401838528769,0.04228431386461594,0.050631982817999376,0.412136397192666,0.3453350049552944,0.032766225044306374,0.20655511771822166,0.13922841661464316,0.2754061856009893,0.2771134518501824,0.15607144757916694,0.0766438292440057,0.10179074707666903,0.3736546358594056,0.3508885809185848,0.0414254030476084,0.1396264953978115,0.14926443206106915,0.5779463412534709,0.214522556327553,0.07399821238619826,0.07301821566714134,0.07604626503495839,0.5246885726393307,0.18844234407661367,0.09259637752661838,0.06835896466363862,0.06356236661950826,0.36299261728421384,0.2716177915536822,0.07985133618017584,0.12377862816685624,0.12386399666182765,0.6152213312460207,0.2798488957042968,0.030664995166826668,0.050982290378027095,0.04240486481300192,0.2980235557392711,0.32518100525842725,0.10987175959033539,0.19840861482044664,0.21009459466649896,0.25306564796286274,0.10473847810712388,0.2588051516957628,0.24215928708709383,0.1819738835172245,0.21613237719368952,0.4823795220149867,0.04409697264748233,0.1424815412903357,0.126469353313787,0.7735023621371393,0.060642965376949694,0.01508556801649827,0.03824247803438363,0.03569643991168066,0.7064267578297739,0.12481903442879011,0.010559038340007498,0.0836084057589994,0.07465480656018719
11,0.21108819894729214,0.3542691052448868,0.10592634335966133,0.18027008642913098,0.1590557728325216,0.6819267546405615,0.17535859560356795,0.04524201122088511,0.052499966353534315,0.03681129040174076,0.5630924021971697,0.11149006696896867,0.22979159051291803,0.05383615916808626,0.07117139119473859,0.36726738181678625,0.31767675260356854,0.10292278266157509,0.15022707534895646,0.16350730347561163,0.26753572589047053,0.15641090881820427,0.28930511855357544,0.2286371138687174,0.15826917007790145,0.3509150979524512,0.23908951185953878,0.11473738370834656,0.06302913371384121,0.061199875651530566,0.4167641713361327,0.2753663242465471,0.07475957561768874,0.04109103802554604,0.04463699592931388,0.4722239108768769,0.2611851157685053,0.10986273340126557,0.05958293283941378,0.06618161620791474,0.5876947325494388,0.06788815691543368,0.14787836329480228,0.04212913339376337,0.04239991594073156,0.6377499391046743,0.08176130801174687,0.025275378238015365,0.07609956188737828,0.059099785335466594,0.6936492999153652,0.047750005104468,0.08316929538012056,0.0372663234970434,0.024557367866734823,0.6011598665243083,0.07534001146109603,0.17413410187436362,0.03892566202697154,0.045952317953860504,0.5420679550585242,0.08309931367892606,0.10632906779945892,0.017851397396782896,0.026468092378386845,0.29059125619413295,0.0714717120399436,0.3428375683433883,0.1322343551110319,0.14265918115252468
12,0.5107968937196251,0.25363390824080767,0.06455275180897498,0.05721190732969913,0.05847642247891624,0.3257344121068832,0.09640912876910486,0.09304166692724417,0.038161149690257835,0.04797841691350519,0.6004184399435413,0.11210056480959968,0.09002532394162215,0.08747414111613468,0.0487124463880667,0.39301273441835327,0.06631833031239444,0.16019131535449,0.07074531749600727,0.055697270824325344,0.4085261098023591,0.1056236823262153,0.06381303536575271,0.08028506434721594,0.045687876716182095,0.2328342947799035,0.17979337651828073,0.11410666217139348,0.08279935133795588,0.06412945187789017,0.3422247471501585,0.22020296256886818,0.06973526191622309,0.06641617028028086,0.06420673597798475,0.2750400721533677,0.346356996162299,0.027048949017637307,0.10508786145952798,0.10120622489498723,0.6023756177090839,0.1630560466969389,0.06679800655136471,0.051273567785335664,0.0490272116948652,0.3488410073829289,0.10259608815228297,0.19027774424503452,0.06537767505783336,0.0704025136810108,0.27955864728757435,0.12019143914369085,0.1232102120957582,0.056637660171879156,0.0615735940147597,0.3048604229161014,0.11622170177539679,0.2358573049816854,0.20579954633039457,0.18989729824596072,0.3630486525922917,0.10778259645071392,0.11304880545960742,0.02359286385735453,0.022927380621682994,0.15926786663767067,0.2567688566565697,0.10773617125250452,0.1767507450169067,0.11652749429161374
13,0.6362782662905855,0.07839763886721261,0.062257316630596346,0.058039294731649455,0.062443949402628596,0.5441414613907126,0.11188800700490192,0.10740859124401626,0.032873772402305955,0.033254813514424914,0.754889208963469,0.09712240557197742,0.02219601721359962,0.018891904732845154,0.017453202040315776,0.48014776408005616,0.05908584654199617,0.16978753626976134,0.04782072906837982,0.021033171633566477,0.7775272721499343,0.05430553272409041,0.02162249986555549,0.03913894108512291,0.04838433139041872,0.4217978707659287,0.12813355543960356,0.1586815567990271,0.0901142701095516,0.09639120312107899,0.19125724485768505,0.22897343313114837,0.17735542931578477,0.12077538324750325,0.11579667293148421,0.25315496925382625,0.22748321613528769,0.0826830073615365,0.07834684868716918,0.052153367992422386,0.6068958243571938,0.12959273011230946,0.06593525040291348,0.09462465942711133,0.08439591322374716,0.28063588605193857,0.06316769153177154,0.14883941644202103,0.29377054640647904,0.22375788834636753,0.2933838555967269,0.1614206156273226,0.08280475495423177,0.1023005943396935,0.10905865205632344,0.7682635766997916,0.05323643023850535,0.037081108134438476,0.07246287208767478,0.08998372138328406,0.5132659724112801,0.10448989823959012,0.04777338609837434,0.08283597793474351,0.07405935414295972,0.6506150869272085,0.055369676622026354,0.10663217180953505,0.05978739415130791,0.05404774447820464
14,0.35452518597937743,0.08113449824109836,0.21179314883425052,0.10297089788845384,0.10457153962307406,0.7847341309931104,0.07151014029191963,0.08325251176525371,0.016091535569151532,0.01370351197911175,0.7141524354411479,0.06422060627744816,0.0877434176743354,0.07497245526461106,0.0736868689935535,0.621162179570668,0.11118272255467536,0.08510761598602691,0.03323119733738939,0.03170407609521134,0.5269650419857257,0.16774763519798225,0.048597615685719124,0.03533012324015564,0.029076748382529816,0.2249959218237143,0.1902554514928876,0.08946720269816402,0.09628676529884908,0.09183059908585928,0.3809830541655274,0.1800509462056937,0.05486615529740577,0.07939474087753025,0.07625055398084625,0.33209883460176104,0.2011988891025892,0.10370276075956582,0.059493802163496465,0.05199832541190173,0.6125870946920522,0.11617507628515454,0.12787202929081912,0.048399055539615744,0.05183876431998721,0.4352488189265224,0.13610359585141982,0.19465101704940785,0.06259734694709798,0.05476502242448426,0.7319946569968158,0.06552825372247173,0.11625434126927711,0.06253815391722599,0.05992180177046575,0.4514217403904299,0.23723487352490766,0.11002492967245148,0.06861718719239565,0.0685351452687671,0.7543192224233956,0.12198758840015474,0.10922043206688235,0.047198681809684,0.048661146750953635,0.840633645367814,0.06180400242432218,0.02402978693931393,0.018135089660607364,0.0178862344075913
15,0.3254516767148052,0.07393300513608417,0.2220736030615849,0.21784535435119443,0.2039053082541315,0.5138478301591228,0.1449243279354712,0.14059776162957183,0.053165374197365875,0.04450232887260489,0.3278981935196882,0.12100482035063019,0.15425272798307896,0.26267013983730336,0.1819263984596528,0.31045260383695683,0.16114993090771274,0.19526850846627106,0.08944951416957422,0.08416917290828996,0.6434995013075417,0.059398355820296525,0.12407593068093614,0.04261314372746155,0.041689104900556315,0.19849693840761584,0.12939823021171964,0.21674688273798842,0.13052480196947944,0.11805127997053572,0.39244559484755726,0.07654738437101623,0.08063881642538984,0.11339031486062436,0.08997313369027536,0.3001433033493571,0.12659298974167327,0.2987243968624293,0.07001715239384305,0.0659618134795004,0.5503315551238609,0.05006463539326605,0.13828318330732914,0.09383459786423748,0.09651773895466657,0.5639441739483086,0.16799287296350426,0.06281910769830402,0.042391396011623346,0.03547141601020772,0.5201584277771775,0.11918183062083088,0.09277451584494757,0.06846728774533038,0.06693453497404865,0.5988502557993168,0.15457932135719593,0.0392397128819332,0.12565708296573366,0.13455560922567722,0.6636791295385773,0.08966362896531052,0.0498036325524447,0.027480265455219588,0.03573208593299998,0.499345547468471,0.11211770901409943,0.11360642490081739,0.13037863787012965,0.12029071376083059
16,0.9011247924515586,0.027025786338150167,0.01584394291869234,0.026375204555635655,0.031070144675469865,0.9201477061794366,0.019269970847624558,0.004618170321009385,0.03267991150364186,0.023756398817742094,0.7559999970068257,0.0654465214507482,0.036764990508163876,0.07465190551465813,0.07178932736753907,0.8130619880401623,0.0627323019066738,0.02520428664146559,0.037382607386901925,0.036671670287134715,0.7100582690114544,0.1007651228354729,0.049227663664054115,0.04042393732183884,0.03190703459786265,0.09405739933245377,0.2325523044698567,0.18277392555176597,0.2059362103748621,0.1660105608480618,0.22998191681196611,0.2589666580896108,0.12100731251227376,0.0801910391326923,0.07393865869543569,0.23057019725311964,0.42062205131151653,0.050474690205463274,0.05054002458986855,0.05933085704200779,0.8850480488857029,0.03106522675762426,0.01369771351306977,0.016286014046349846,0.012231479739486876,0.7139802176396965,0.12102415300341735,0.04915000728833837,0.10858282601370131,0.09568766163046695,0.41199628370824026,0.12223590280751447,0.12218861436534174,0.08187221979854545,0.07001181992469983,0.43666245835675066,0.08876154568959167,0.1161913655264202,0.1722247088778384,0.14057019923262046,0.7326874989129374,0.09626015536633892,0.04075282293043569,0.03792179138335352,0.036730972444760285,0.8308328383114547,0.04127517984718171,0.041616272777842245,0.019829836023479302,0.020321664156953318
17,0.3037443042007454,0.15823082247060166,0.22452090116946488,0.05692390761295555,0.06891144366928525,0.49597147370441974,0.22626771454654898,0.07524012483216104,0.02424945210375317,0.02312405312736352,0.39814811757893387,0.20071690684268353,0.16443651801193174,0.03254533745084844,0.032456896818149304,0.3616858891748844,0.15401557075143735,0.20322365205719,0.04387560205877613,0.054296438185618745,0.5100977693432402,0.1470554759794595,0.16837494427363464,0.04672586741917098,0.031959956155645404,0.24350398688214314,0.48362401415566886,0.15563394998929156,0.054054357619507,0.03194639115673451,0.3270228916102033,0.3468755221826532,0.057692457260080134,0.04365571784079926,0.05036640995215141,0.3255159924871007,0.1707332835563778,0.12434078103371614,0.040312958183274676,0.04290030942121523,0.7757453447776123,0.03444572703461935,0.09062623397538136,0.0361792147514556,0.03941356586380055,0.4099570066291552,0.13939307561167796,0.2177995892858733,0.04283109208172463,0.04065245971190298,0.06235049160751649,0.2858538998468422,0.1651544012682378,0.10807126693109145,0.11322427771952638,0.632532343418773,0.14357653683174615,0.07128161918285994,0.09831911136914771,0.09761643898535301,0.18322885129791663,0.2868011255630719,0.16839121502794874,0.04061254440645746,0.03745609836703547,0.5766447000094949,0.18172881748869302,0.1003136126803826,0.1008174054632954,0.09728653945475582
18,0.4738058670897258,0.2694017396472753,0.11083886297105086,0.04292815450706583,0.02995202134920427,0.7864240630428574,0.07164344890451456,0.021648364749339642,0.014436196940779569,0.010340990967437931,0.5792199972172923,0.2597199626453708,0.05107615955763076,0.0686131226859729,0.054034318221339646,0.7322155061099676,0.09185900164837953,0.03573390156952917,0.04338254870860533,0.0287832185243628,0.3549189499547583,0.11783950687377631,0.04922692805705053,0.025818061065437607,0.015121228896920833,0.3316935163029229,0.14284638108695297,0.2222837852923884,0.13749845627816215,0.12912466525034125,0.4376610924803953,0.2474565975462136,0.11281359771762847,0.08910723314741174,0.06867001733939225,0.187940070190941,0.3032326232694824,0.08429187807645099,0.02649679187835774,0.022089725764598746,1.0865943799390714,0.022361873291652106,0.010836919799698553,0.004606448155433718,0.0027508491723142515,0.3416165578353489,0.192367111399691,0.1490878907847114,0.05237902391313792,0.02353878734979562,0.6416654640643334,0.09614220146059786,0.0900815870647689,0.023831237108010498,0.018984340853132945,0.6611135298738012,0.052031715034588706,0.07546396349678341,0.04781017831587163,0.04704402132683958,0.600003709228212,0.10115474464271579,0.11151537930252692,0.03648965420045131,0.030027920362963874,0.2389965581145074,0.0694122382004784,0.5574317668096878,0.0555089016860252,0.05310890948415249
19,0.7657249194993438,0.030636385345371,0.090429867661811,0.10366218902329509,0.0974839630995882,0.8691922262765612,0.09420409878396592,0.09807016450708833,0.11306275349815365,0.12302200216971511,0.6791084718329514,0.08411116007045764,0.06705263904974999,0.11036645226987574,0.10927543081474238,0.7006499557625183,0.0730486904872799,0.09232280549618312,0.14274216397097533,0.1626725996446356,0.6070707882632487,0.21857145576799247,0.02663396688893186,0.0402568357852002,0.042142377106231504,0.4919721971970997,0.18158110216758555,0.05556410017938148,0.12300781498072032,0.13291625527909995,0.6495863592793523,0.11198497699103531,0.07771151658488946,0.08188772558753976,0.07669754629852639,0.5894142606335728,0.19842300184268463,0.10492951533102099,0.11679669078584397,0.09784786689313296,0.9700154821262915,0.03744956979278712,0.012003084323039467,0.018499713427685686,0.021646720708286216,0.3683864214186573,0.16169104167620862,0.2749141258732099,0.08409336134815103,0.07622994061844462,0.3126947620210411,0.2040230967132488,0.06024564572346186,0.2171438623127449,0.2568839330098739,0.547512809448182,0.20749130139876482,0.057028487349967474,0.059531840308674644,0.06478710743433772,0.640643855836823,0.1539004824001008,0.11441550357423362,0.09520770266206505,0.09317795697603382,0.7962376525118524,0.16277587970980506,0.05814821052384259,0.07163387956125322,0.07478315635989453
20,0.3495381815261411,0.151972567821973,0.17620880583237086,0.09188301274151625,0.08962235158343208,0.7339053231191164,0.08595256114901276,0.04180416357132731,0.04278862958431856,0.03745237448916027,0.3786640385817147,0.18097636012093807,0.1762417467639312,0.08863680335517994,0.10406868829826493,0.5500690073242924,0.06911958933931568,0.03896298276347583,0.06464670230977475,0.06881826908745385,0.6932320970237265,0.05848430691874881,0.07949350587076179,0.0456823990825692,0.03753561063269774,0.1953685970134651,0.14919316928997162,0.23554860896756305,0.09606474472991566,0.10235561452465959,0.38099578314364646,0.14027140131780633,0.12608120773288167,0.05262514903392088,0.045497134675991924,0.24070804636940665,0.17177207737464742,0.12129588299336644,0.07899019891784195,0.08426981032605695,0.34455090234101826,0.10902354952408501,0.1780480756963779,0.06187129720986154,0.05162941673087878,0.30701056461598614,0.11351371938866735,0.27443541529040744,0.08667847660923186,0.09237631200607319,0.755428143134183,0.0701274260886083,0.029586656547182334,0.045483563758954404,0.03952812814000718,0.4775406660080451,0.14397682879317858,0.0886495686443315,0.1061119559660192,0.10434208691626384,0.8131152435164458,0.057275329352876374,0.020687454878623817,0.021784591479695508,0.016026770733937032,0.8597291255419961,0.02764733752719022,0.038508671974353245,0.01817488120115101,0.016699911893509185
21,0.2110016659015115,0.024519662087799005,0.5941481417163501,0.06432120067070686,0.06847273738805326,0.24010073743031604,0.058463862198113815,0.5268966059807028,0.04257701969646296,0.03829901654086583,0.08857330229361622,0.05233199989237816,0.6244929272966603,0.12878918441769102,0.12197722619495206,0.08591253269583847,0.060834820396000855,0.5962021048158938,0.09966558422818576,0.06659491670693675,0.36041202682827767,0.27920581172494996,0.15285810728700672,0.15316819963972028,0.07274109746095062,0.24755566306196866,0.18553102737648805,0.4018257831815418,0.11896589244304105,0.07288605135209175,0.06285919823341712,0.023441555838901233,0.7285128734045542,0.08651129898508912,0.06306488354612029,0.025530806365270983,0.08378185943115522,0.7559639301393141,0.027301616232392117,0.01775023162099499,0.07843099757691142,0.025588788377963488,0.732788766327257,0.038341033245438624,0.03076265077853218,0.14891004368396527,0.15878593711657463,0.31994980033669623,0.14369899667499114,0.11539555694698965,0.020014138431878773,0.08760271916682955,0.4413190552283851,0.31394960522794085,0.17617750299993937,0.17745815523572725,0.1799727846335313,0.3013809608821759,0.20059411545841133,0.18186541877687454,0.05011652542026613,0.08084073584494057,0.5621942471095112,0.17784165261395676,0.11283269049273965,0.6583649374087179,0.023451113498385603,0.31004907771906565,0.02802006832114107,0.02069390638648072
22,0.1594874570133156,0.06127232737408078,0.6405950276627533,0.06986421406910459,0.0646782315047765,0.4821178701422002,0.03170097693211931,0.37821607551055364,0.05007024241726856,0.056119616901154024,0.08843819415275214,0.120449888283498,0.6189182440283317,0.10199173556181437,0.08564820152983083,0.34096150352248156,0.06338409286805975,0.429116308723746,0.09564189890090594,0.09627619164636007,0.8350103667269138,0.1322680280355331,0.05541272190348817,0.05787244983126435,0.054883302653131225,0.1602103658363588,0.06772247180550757,0.5751058247727765,0.08922061339111677,0.07273569498389268,0.2254266230786931,0.034486207572517406,0.6241837155527372,0.01864877729945236,0.016293205031979285,0.2543356172361221,0.08050194796712073,0.5585151000860005,0.07501624698364216,0.0634398212956014,0.13137910966992752,0.03747087287565946,0.7189885073530924,0.12724489048185014,0.0997906559472232,0.14206513164759138,0.1507674024143126,0.26000168469452273,0.17911090256549747,0.1758495658323978,0.2474789071547854,0.11574153301124633,0.3607382205647052,0.07040172183169362,0.07160330619699495,0.31472447499223155,0.06683021262203326,0.4734383498373911,0.08246867883412302,0.056436182753316015,0.23818734092578842,0.12135509235604765,0.3201767329090526,0.0419852886070174,0.04000427334273806,0.27033538298864673,0.05589681930287034,0.5979366704900078,0.07741992804063261,0.07782755080255155
23,0.6966430413190221,0.0658824883935861,0.15651995491293894,0.10283988531557837,0.0934782861265196,0.781149215239532,0.08243568322301638,0.03649626355811423,0.032492733550425354,0.027078755009499644,0.2818779554072558,0.19508410570706572,0.1550090718308762,0.12109923636198049,0.11658395096116528,0.772713254199462,0.04399174755170838,0.07162000051649746,0.057813298572605656,0.0519421310624175,0.6170564529631678,0.041569949397987305,0.05961254909677235,0.11402106884628992,0.11747832893648198,0.6215828655343859,0.11241588362257667,0.09632611414752998,0.11128673597259943,0.10504957650575858,0.5059377120574271,0.16426997792344647,0.11797560395064834,0.13809826222087332,0.17588325673456395,0.2886416257431463,0.07734617226913239,0.4796622439613056,0.09361763142851934,0.09239872461873012,0.6319407571081905,0.030429401285191244,0.282980153669081,0.05227034985430681,0.049336421729274924,0.5783194794309605,0.03854071910205052,0.251576399584412,0.06916774518714142,0.055865415237915064,0.6272305770529042,0.0384193505163522,0.10808810786200958,0.11376999679540219,0.09502577110703161,0.5654045936108417,0.021182623576982248,0.1940478733184219,0.1118309242959299,0.11231001993468347,0.846660439857192,0.016434620244722302,0.020553859090000036,0.024177502118860515,0.016219255539422914,0.620692553295923,0.026576126328259442,0.1688477645126205,0.062382055564743216,0.056025879494418424
24,0.3034163427735981,0.20188289592072048,0.058027354016313315,0.1997628227623272,0.22163709047976501,0.7259724117706615,0.07261010126472224,0.07266340780058786,0.10455366542441775,0.10332522205632376,0.17534897737292907,0.20422862402550332,0.18977774078950796,0.1652211924188635,0.16030644819045392,0.451654154426156,0.10882820116457424,0.08987928217051278,0.2103356151184138,0.19715742017598592,0.44470659435020543,0.08406184803291665,0.3095252201082049,0.11997115199154791,0.0790209238470905,0.5387094253949388,0.11053388050121978,0.20197504346144599,0.08946964626361034,0.07725636783853981,0.3933502331383388,0.036867524153004615,0.2931925523587868,0.11974294967235975,0.09163608746628894,0.1949250689154753,0.11822137837430736,0.32576253563735325,0.10110542310594253,0.10988340819198986,0.26484987217404626,0.20373164404825803,0.11252474477420883,0.1959030901308143,0.207992458235832,0.32839090529868775,0.20441847894489817,0.1651436157256249,0.16842263036513344,0.15563495521014295,0.5903290172158004,0.14247658382562217,0.06690966280873714,0.1555159415056022,0.19632515528876268,0.26790365312516584,0.22564452420508088,0.24900033483564757,0.19134930824316634,0.13132080854976158,0.8002666986460036,0.084275584759615,0.02206663397082014,0.031158988789706174,0.027176353061843198,0.6700786429003953,0.06394532326559928,0.06540413649555497,0.2260791814692943,0.18443218346669518
25,0.3493991413322192,0.13879945634752716,0.35018665179866815,0.12242254120789707,0.17826691717785062,0.6869089439632737,0.05708623091594933,0.11462715630830422,0.08183437617818491,0.09488430218254962,0.47316755249524367,0.07555723069975616,0.11596147680609946,0.17038339426891277,0.15798934647654259,0.20704519942868355,0.08977189311631201,0.31972220849969074,0.27615117421337537,0.2761184784849856,0.6287413887754435,0.12165732786612478,0.11275804012131552,0.11163043495613992,0.11604671617737528,0.21955174674551323,0.13156690657295222,0.2430772797146533,0.23517959477061862,0.3605267327504843,0.2573923245798712,0.11951608591371411,0.14801980981013158,0.39470541932603453,0.4223106703830603,0.20052993769979985,0.27126322490365445,0.3247900910657117,0.15756297028560556,0.18056316215315651,0.37862260376302903,0.10252850290322496,0.3411039273463017,0.08586099575764576,0.1303507578418472,0.3189750968274511,0.05063883740635245,0.4929633418791309,0.07852018761063206,0.0909401250973522,0.4285054739762177,0.06491300979666444,0.24360570594297054,0.18112110369088663,0.2117020653742454,0.5294791995400776,0.1775329826852242,0.055023460596330884,0.14520857192566167,0.1636252338733267,0.7335665749428569,0.08419681109982254,0.05631983442267451,0.08085841473052617,0.09002961183941864,0.8608355497611077,0.04047567266235401,0.018893751353487163,0.05715319881135194,0.05580941076351613
26,0.725276068978476,0.03544977705711796,0.0290784427829438,0.09046189854782558,0.1249233825482358,0.8056388552424585,0.10369084226412946,0.04191166227164549,0.03935438107991551,0.04425986353417074,0.827995458225114,0.0294860913354662,0.0096346422209091,0.026085502949982634,0.020630224432979048,0.8629133658495928,0.06908821762181533,0.0363145314143087,0.05167279202039607,0.06278570958553394,0.7745355761141532,0.1068431478273791,0.020993584429633196,0.05791071475534108,0.05990870093725757,0.47222318240839173,0.10770688737917139,0.15668113715620316,0.2332910326839898,0.24467775138072057,0.3386074500765106,0.16498281977650292,0.2686340186129752,0.15167280048357715,0.17368917722628988,0.22855119021128267,0.06346738697434695,0.42493323882130263,0.07827229779859772,0.07685910792082408,0.7621586134809933,0.015610462339471052,0.10255502673484897,0.03339923362893282,0.03742846217006873,0.517854483731794,0.057989896027764505,0.11747222087537047,0.09794089966190171,0.11244498737179362,0.8542248571030763,0.010961587611423934,0.07929514588287764,0.028658374668324743,0.026492924269676837,0.6706135022262651,0.09536844711195556,0.1024913200233437,0.07119746920590374,0.079526875149959,0.9473114684975471,0.01003028851119705,0.034922019579512464,0.01772997081846102,0.010886773487985767,0.7485970136212451,0.04070353782383422,0.1093938508030372,0.04618976958886676,0.04644632259581809
27,0.2921274609540439,0.12635240903628905,0.2180210750025116,0.1264344182098408,0.1362959131055215,0.8221743555504556,0.024417076686975025,0.04505957185077249,0.03177538024389363,0.034179283990764135,0.4675287124498911,0.09693848512200254,0.1766829460378856,0.04165770797823387,0.03236706721199997,0.5133010141857444,0.09660867503691174,0.20908568946285194,0.04059210543695957,0.041742395428620925,0.5384981293750907,0.10057130345436166,0.10216273283271354,0.04297420554866315,0.02333756935349887,0.20079547200857104,0.09748792612157008,0.16610345156915335,0.144653094368213,0.10273603909384434,0.12995161228147054,0.2280969576315629,0.14045783749316015,0.24210174111930097,0.19092926667343738,0.15772742975099122,0.2593840993784675,0.3740040957421389,0.11310574311822992,0.12897143838043265,0.7209685348954625,0.0577833130355805,0.10739942866166392,0.05589407557070114,0.048988157394738586,0.33089245073935564,0.12057496173089591,0.2671771132934871,0.06035132780446101,0.07639565766738253,0.5020017923939746,0.0887432667286193,0.15985037772305458,0.09587601080238738,0.08177621558306503,0.7638786308320974,0.047886064739763,0.048663154461843876,0.050989806783427793,0.03350583864979841,0.6740850120923864,0.06250747370329782,0.1267983959275664,0.04184626967021174,0.03670094636463107,0.707207033366952,0.04466889813019843,0.04819935149738922,0.04353754284902214,0.04034128843361017
28,0.6676891144100174,0.1599435348900336,0.09733530247031233,0.0357165651351968,0.027413113120517217,0.775156120589993,0.08958280279895775,0.0497624572538151,0.01631476760011042,0.016438262710302385,0.6540955976503336,0.10444243788619932,0.11057788224805153,0.060063238540776664,0.062355692089161106,0.6761480368144314,0.08304503849125237,0.11569524274268786,0.053276122498674014,0.044029763514449864,0.622408896909052,0.0656222822932445,0.11305910417732352,0.024446936314940385,0.02203231241682125,0.3436462892020213,0.09127808166210699,0.40948628862927194,0.10806973941078113,0.09098454807194173,0.44095109098275975,0.1970468934791567,0.22843597181141423,0.08793380215265534,0.06997804015415444,0.2645568496261823,0.26139224747809875,0.25656940989594446,0.15709915790753665,0.1278522401237647,1.027791568193461,0.023574498543711252,0.021213575321748442,0.024278741404398528,0.01355596897400912,0.26774171465072893,0.10010967180321381,0.5057720979765948,0.028726492361126565,0.020381444095861408,0.5919160123891309,0.07522602389629379,0.16694689764078943,0.036152678037246325,0.03657147491580739,0.6639984861791575,0.05385893441798937,0.13087675863234738,0.046039360570283794,0.04154162319707335,0.7867796412690302,0.05291915893543222,0.05374650010483999,0.013028700848597322,0.00977533699690171,0.8023845232538759,0.050412768452405,0.10683002797293513,0.04528218367349879,0.035487469236004
29,0.7332594961457776,0.04556795063987392,0.10381003640239903,0.04927180656543983,0.047150386332457765,0.7496861483400621,0.10052121647221142,0.13960243615372356,0.043291781295752674,0.039936950567983236,0.9095607340756867,0.00944496807267143,0.018582364821330404,0.06108377354578081,0.07212515901014752,0.82687469865776,0.02288357927369634,0.11562817815669982,0.09393075374721584,0.1031797120634429,1.0022588209617551,0.0019261718470849048,0.0003044467377514394,0.00011922114412586412,0.00014225467263486658,0.746216554468033,0.032626309699085226,0.10010605512750999,0.03070115679928482,0.030304732813109546,0.7474832468712618,0.027178692557991636,0.09345384285590579,0.03267071954901518,0.02758751415493533,0.7885022419617792,0.012102970686550023,0.06485895044881265,0.06218231856562904,0.06496834847834035,0.9035827288635223,0.012316948070029523,0.04379552276848875,0.023095824056156133,0.026260727037024156,0.827371942142333,0.025239703547164052,0.04384964594661648,0.02325746100849135,0.03526534187953034,0.8323419561170373,0.030737097364557726,0.05396728460485453,0.0158112548646802,0.012822036368704317,0.9260739710310479,0.017903901778000424,0.04040374955893149,0.015319597465243836,0.022601367428365174,0.7499107247315224,0.07542508371720504,0.06070923136098123,0.01064717836806303,0.010751636418098696,0.8589753392232123,0.018057990300512094,0.044278835309687695,0.01953625726936053,0.03208275690376446
30,0.462175026953273,0.11228049343335353,0.11999602459934729,0.17928938688964663,0.18121322681174368,0.7106464162389423,0.1053650865011631,0.08077718936289108,0.029074445091198546,0.023915220993212225,0.4928364606034919,0.10070257198408798,0.10219849121909619,0.17609735691431624,0.16551663714880216,0.7643677456002413,0.07359918813091658,0.05393233112320997,0.07591295978865009,0.07905359019382556,0.7933967451738771,0.0963519188982553,0.055223786615452575,0.02882211409960747,0.028968052604759317,0.4895481442836666,0.08993593185622965,0.2549112201524477,0.0639120651616581,0.05573814034873145,0.5609232848322574,0.1292631315986862,0.21655405341636594,0.051096029292916935,0.04911848238610327,0.34464884584082817,0.19848770912580405,0.1324970340110771,0.08686138602605387,0.08352506830691608,0.4663424000843214,0.2096572648065522,0.13275029558461185,0.09009004614705814,0.07964224486021902,0.4448688105926123,0.08402639118991116,0.28795587332085265,0.07881768326085929,0.0713575596424141,0.6146626584372211,0.03389647904965951,0.2388367161713448,0.10898284570331734,0.10658262770995006,0.379611701692375,0.1012649481656996,0.15180973858196006,0.15728102917439674,0.13009935187420094,0.7397339537150418,0.06951865077441383,0.04659928578469702,0.07708826849037448,0.07129493371994426,0.6882000621875564,0.10100993296329833,0.06533848259508442,0.0876690844891215,0.09773294238941037
31,0.3070513105396611,0.26553996479738856,0.12921358953361928,0.15109342606771847,0.12688914415298935,0.5505541988559094,0.09102691740644878,0.04227559008511133,0.038678113340081616,0.03902655368325714,0.3466357893734563,0.23340397643316668,0.12806290079441515,0.09110312492818096,0.08006188629400879,0.5158607030774054,0.1048184222060991,0.07994477266992703,0.09313190792312499,0.09221196422963888,0.7356743234912416,0.048643172055229736,0.0784066713053604,0.10155520572541117,0.08020337445965219,0.1896497034391767,0.24144892444953778,0.16521748245749235,0.18886806600513228,0.17507965846502158,0.275798291483418,0.2567849211520087,0.11761508265210266,0.08358658066405111,0.08462575469978827,0.37286031678663084,0.23389530998890495,0.15629055043026402,0.05725038279530566,0.08120400968509034,0.5484535333270697,0.14419318678548437,0.11156662256171389,0.07489611121059447,0.0876425434241708,0.6730979260226713,0.07253370646170249,0.07310447038232759,0.04859920353935003,0.04679785573028757,0.6182801272043377,0.07052705019927302,0.04129033297024401,0.13767735015575266,0.14513054507706286,0.5373578223779626,0.09101286576510462,0.041940750480655556,0.12880663418433444,0.13522955635358555,0.7492322723514421,0.030692309134226773,0.018768237858780887,0.06100566463152536,0.07025991321166422,0.8004686765822652,0.05254594071612748,0.05155825765463302,0.06404132168412553,0.07849268079526725
32,0.5086447106980249,0.028055835032409635,0.2096841702515336,0.1858425969048738,0.20933309953978138,0.6900412382637792,0.10540947497360385,0.07437937775799039,0.027006962493023805,0.025795935822676,0.35530990562216824,0.0763150719755886,0.2630766566374725,0.14914497003929872,0.14128756947186705,0.5740633493792727,0.16867312724938835,0.09680433026041235,0.058604945342995776,0.04553759071107933,0.34341374282683557,0.2396496331474003,0.14865611872829101,0.06303508077963768,0.06959713462911855,0.17795368262533026,0.21298147580978805,0.26342534912220605,0.10266791338296861,0.08528777627379518,0.3186252995617199,0.11591458375038013,0.32831897339122784,0.09455066806121461,0.09703332814074474,0.172656630441685,0.31051179876362983,0.2607129624728776,0.08532173183162099,0.05713728963333932,0.3729637443565214,0.11102446315110259,0.2791818227890115,0.15918375360067577,0.11403693407724615,0.3437489190269771,0.10499207817244859,0.26471153991653534,0.04285573334924294,0.04067617559930472,0.3991935265686082,0.1320687615786914,0.3165747856363812,0.05761059461640548,0.05170444448753783,0.5569096090763702,0.17219244732725644,0.15098182176687341,0.1804952652600642,0.1693242367620918,0.469439621604398,0.164912388148344,0.17989726862729094,0.04377783126830866,0.03671256120277362,0.5778870962025986,0.159444639594273,0.11053494641155136,0.08241492710497071,0.04887934319693296
33,0.439150932405614,0.1324384460413757,0.16013680155578713,0.16831585734912846,0.1720306193974961,0.7422257399238563,0.15286709561916897,0.02789757751452629,0.01580757015014386,0.015721243237449094,0.3488470246865446,0.07607455539384973,0.11105351168697075,0.42495793554505384,0.4130429720713905,0.6285018903673872,0.17580890056658532,0.02688202748144149,0.09353753669288953,0.09517900622423733,0.5517245493870808,0.04498598897017828,0.16907176483884714,0.08671572380847851,0.07584198528317308,0.21257360054863586,0.16228929057874988,0.3923859474050964,0.126621322578831,0.11352557765580826,0.2041956994187106,0.16529001337151492,0.32998728445486114,0.24585330377060724,0.22935241740589393,0.5364272822877181,0.12938540746605615,0.13196161003900378,0.16140428385284314,0.15690948174327451,0.41441559878874684,0.16340724331310158,0.18964998689734014,0.16557010072938555,0.17080845279782148,0.6056629464972464,0.21381809694067638,0.06245170348391497,0.044394835655819365,0.04818116826438183,0.6249541277882651,0.16550239598906413,0.04494117447344244,0.0613164142890473,0.05971153043832871,0.41153554480950677,0.24169664557603057,0.19088410789363255,0.1056717205579253,0.10123407029097123,0.7741545746293409,0.09600739496938092,0.027537294045068928,0.0104281844365511,0.009388317931687408,0.833894745918186,0.022315807781658675,0.05700307336087496,0.02878977408106083,0.02627514078079403
34,0.45707736334911186,0.1857021300253445,0.13946795278137103,0.059117090694449675,0.04302958235623573,0.8735425093406707,0.04699479406802154,0.004809647514987566,0.007733151066630916,0.006580292906212754,0.34500544763319857,0.2854677273203787,0.11087840295067294,0.036201425828794674,0.03743014019766889,0.7663716446674088,0.06336306706959936,0.021565995530476355,0.03502624390726164,0.03328798323774153,0.6281968302427667,0.07368011321232908,0.09894859869718516,0.03872517970309453,0.02903573508604952,0.08722826442285911,0.08601638123109476,0.5246603633130154,0.0828328668650283,0.06955907246307189,0.07924604554858003,0.13702456040939512,0.385267714522918,0.1323382387620208,0.13039519008243183,0.24162613093031904,0.3215931596642133,0.302114802278661,0.09814474621137842,0.06733357055246518,0.0711008048413958,0.3438563642686687,0.480208255364433,0.024482838688517156,0.03885982921752007,0.5680673069627213,0.059360914539951966,0.26990615221454184,0.04355279282744365,0.03876886827512163,0.8251654669489668,0.06407478945702416,0.018252471323891895,0.036600449154320654,0.04049406808562478,0.4488519731722617,0.13021905566450656,0.08410121000709748,0.09125724500006743,0.08425686077113824,0.8646939632433264,0.06213216120098435,0.017183456691653127,0.012691011063281604,0.012732467013044528,0.8415289445627614,0.050014129151581994,0.028138973500149295,0.01820905014656734,0.014471258135088231
35,0.1348374945403762,0.26968878902792887,0.19148306666615297,0.19029886875026586,0.17448293197506495,0.8200850862070931,0.08063750403676792,0.03040856214288635,0.027798337272738612,0.03794825470264922,0.12544893714038688,0.5131124255441728,0.10567612660823754,0.10721216516238515,0.12012827765881778,0.4323669563715072,0.1747071772264279,0.03691136591246721,0.18728672484706876,0.22869122962905375,0.3406649642566665,0.09620263085508941,0.27292577877740826,0.1648928443616062,0.1477013118500572,0.22698707798625342,0.18534685735509374,0.2788780462422808,0.09310128359294334,0.05024909363606243,0.1781912878892058,0.2131318659995475,0.21075567290749483,0.11979362565608906,0.10605291581998656,0.11635550937547338,0.31729954747205047,0.1942719986024602,0.0668682287405915,0.055781137277019,0.7038351930747703,0.1895271826814775,0.05372724723819515,0.02488767863393442,0.030043093216836046,0.4725956232878663,0.19724674730891806,0.20536417388279363,0.05718228449948786,0.059252609526209324,0.5425983519885915,0.041584896680776265,0.2405360756630273,0.12793303348065962,0.12444368262804159,0.3660036193539467,0.18213601891697043,0.1263219400101417,0.1232943377551453,0.12191175303091197,0.45008092618820933,0.06557962631734052,0.21702858830108285,0.08781124769786375,0.08218898805372889,0.2963161028667595,0.18844126957618812,0.1220668915933993,0.0960493886881173,0.09627333405346139
36,0.6503078915621846,0.08301649270495415,0.07351562058419922,0.1800322292220185,0.1977950243487949,0.9238400623725098,0.04084762008518462,0.022961857693920656,0.005618852422408367,0.006156002606502211,0.18266588372798528,0.062219885617151555,0.22335468556117094,0.2786669525331731,0.299257137309421,0.8417018253852869,0.05837881937169278,0.04136280917785434,0.09657904238388365,0.10676991915339205,0.9263422090940748,0.0271982573011367,0.05522747665564803,0.05622781986335654,0.06620464075276952,0.4882588253365556,0.0604978202689582,0.21582872889324006,0.15766736048306854,0.1424471314864708,0.5641302970001939,0.1269912047687619,0.12802649307511352,0.059502079920854635,0.056259548925382756,0.3873323057075128,0.16941696395894176,0.15328866117025425,0.1525516257471847,0.14569795768774532,0.8167388754304904,0.028869960158968998,0.02467055279158325,0.06875394021966273,0.08624855661880107,0.4290681642243465,0.06388192469154996,0.3472749460332205,0.125965679761756,0.12746212278445793,0.7551191513543498,0.07424274758470255,0.01856425420203086,0.055287198447154115,0.057764549620223475,0.7972763836334492,0.022511611055305525,0.05053972023636126,0.14947659615253853,0.16707102407269345,0.8264669980664296,0.07121525799658764,0.049901684182278236,0.011398490571200114,0.01063861409917135,0.8473711518075543,0.043488023468243875,0.019294472912985902,0.05320370246798556,0.05454051830062612
37,0.8186777495002487,0.03361334396255487,0.008210494579489747,0.03275919971419622,0.02846108920916902,0.7326473850408654,0.04636767603824056,0.0777934403300242,0.03358829544130524,0.03499895638639835,0.4058016203274079,0.10820927433232787,0.16976879964238675,0.19374790452681534,0.19461787739793623,0.4552525074769309,0.11786697096146831,0.17327508416460802,0.0953909509753125,0.0888211061974722,0.8378817009604286,0.01483563138731266,0.009982454655719957,0.06489867579795044,0.06276633312383433,0.712587026935421,0.05486124592475988,0.03005479962436231,0.09145238331113442,0.08261866758226652,0.7002087206934099,0.03380340547660004,0.04120192687303018,0.0664422348353131,0.06413214057722166,0.6621071531523529,0.0404323271756697,0.11796884058859786,0.0980694301688506,0.09542536277872105,0.6440944795146655,0.04117066829275981,0.11761184603516117,0.06711083971264803,0.057228672105944504,0.5969946909593213,0.07990156702824662,0.11779820586125521,0.06733993423606267,0.05985819151303172,0.7052325571450562,0.08698820317639216,0.06565216075282289,0.06772073971735594,0.11823130314539078,0.5772882360485839,0.0506631612936259,0.08191931883574663,0.0809674206726467,0.07766614028591617,0.7419429112565943,0.08566413156561191,0.019880183257772674,0.04968226122767086,0.04802197530799945,0.8160417249770167,0.045882253518542374,0.011604116557605938,0.02139016129493341,0.029074853124941805
38,0.45392930626514544,0.1762684508296053,0.19449746147791383,0.050961031476889886,0.05435643765345936,0.7786725213609333,0.040477480508815826,0.07283735495879133,0.03559369242838238,0.04103218131032316,0.08857289437245962,0.3154283758266071,0.32575389643460234,0.0733367231980822,0.05144683803303987,0.43108478222997476,0.054538005251355534,0.33068340648625677,0.08448172364018944,0.08276128743800452,0.6359706432677111,0.1028903447542321,0.12394673114363673,0.024375627309546528,0.0196836719743354,0.13565380766586038,0.21363569808129032,0.2623762260855263,0.11292736681071547,0.10425898854668025,0.29642936395223424,0.14685306331746328,0.27551580954831967,0.09947677344564566,0.09503781324929965,0.016724969782713945,0.11959912303195724,0.6341233152750225,0.07370960559691012,0.07497564628951074,0.2314425481000328,0.09359422337499847,0.45287781288298423,0.07869151720103991,0.07194497611604087,0.3002386799430822,0.06690432964826432,0.3899384092595488,0.06908778632255388,0.05739237948004707,0.26554456607074006,0.14606177976016832,0.22663828926155627,0.06924888570481423,0.051036736145170944,0.22700814570739225,0.19749616344468865,0.22598701970605548,0.117268325091394,0.10601724398188606,0.47787057999462684,0.10395327950961321,0.1429986007084276,0.06464468242496525,0.040180781342450574,0.6602847790575462,0.0821144670278919,0.14501491915881118,0.05102512801090218,0.05944142840255303
39,0.5440306062614424,0.24874396227148463,0.048877084006470235,0.06806805912112274,0.05563352603945212,0.9691530096957522,0.11305454338427112,0.03038062584761976,0.014235068953158127,0.01325745845719435,0.6639261430899817,0.12475174762139786,0.07030293168675282,0.04671809978848008,0.03143513500901735,0.8066402029137472,0.1539912150162626,0.07202272323949535,0.05269060978623716,0.06033932297063065,0.6338154081606453,0.07131615438046987,0.05640501492106831,0.06457210837593419,0.05927993781749678,0.5446628462517642,0.12850059694182844,0.09919484441476355,0.11162131850677512,0.10452618044638558,0.5170134814777143,0.12948781947016624,0.1000893845094606,0.05448891975631528,0.042267427469859425,0.3610591423865928,0.1239671559401027,0.10233732332631336,0.23480339732065114,0.2063993547014444,0.5679554542854672,0.08147278979651723,0.11117028328940667,0.1658227448731316,0.14035380400271086,0.47178334044828724,0.06830001322336474,0.21646563867231208,0.06263991590933751,0.04679890815937487,0.770671056754798,0.057393076218449635,0.058015802128677955,0.045136522101049015,0.03611293475482605,0.8174442087123882,0.061822775968889784,0.07458576192351393,0.06553856682856955,0.06614343893149593,0.7094253575031749,0.11981470776464792,0.04060964864247665,0.032248799376629125,0.021036588498126417,0.7339189821405516,0.022121889174134452,0.07939097116390474,0.07035982200835028,0.06607328949337452
40,0.4251020569342851,0.27002863479975897,0.10818179168803421,0.08358038463225662,0.08318927628919183,0.87217615643809,0.06681881741182653,0.04302945430504912,0.014352821947313705,0.016206732396524152,0.619142446088473,0.19897952160789326,0.026001681869366543,0.02748242997417008,0.028961461488107833,0.7340595502058783,0.04991092322429074,0.1055539622790995,0.03347235088632226,0.05311359745529375,0.43194137853960257,0.08624317136492288,0.1503514739491727,0.10172375189299805,0.09814158121681983,0.5157375912250031,0.10777206376080765,0.16475355866330385,0.14993301657515157,0.15274140346321188,0.6924003954537772,0.06947657330602204,0.13238262083848773,0.0659154256667384,0.0763233943568063,0.3450165472673244,0.25563009219542265,0.19368537310115652,0.028176594830709445,0.032114589727948076,0.5015381751078668,0.19432269948395392,0.11999067371213037,0.05259985110222584,0.05988184231674718,0.43245542765972356,0.11409913131730233,0.16956723119189998,0.0980421200154523,0.07240952499454534,0.6006875432828349,0.18354523839825893,0.1111853761411082,0.059377977177029584,0.05957421751959869,0.4484057826950928,0.09414001019839557,0.2657348865325405,0.11345993510923437,0.11816548955805668,0.8291519963681775,0.09405168787778188,0.046837480235915906,0.01912869335001585,0.017225214325241416,0.7954407913966933,0.08224032494443394,0.04236730709752455,0.030615307307213898,0.0380684844645933
41,0.4053170619481838,0.37146292065204456,0.09160763661608196,0.05313208028462234,0.04157145972218456,0.8606439959043507,0.07607576218474014,0.06126442207968194,0.03308418830868955,0.032221235592601795,0.3623423273892207,0.263007193790219,0.21915956275720608,0.048021555270438845,0.04998864718071805,0.6350699770146524,0.09115067495468676,0.14896754617785382,0.04590580338969947,0.04785189262140972,0.5579873930837722,0.13890601876441763,0.06980508388129512,0.039449976435889524,0.02891905632437281,0.16968098561113146,0.3053717543118427,0.14792559536971317,0.09946681500518932,0.07810965527440777,0.27558086338985355,0.3052412314463362,0.1463182285665157,0.07233028349043004,0.06661232724190792,0.41672550353292975,0.3065101010418235,0.14942343206003222,0.03534390922544057,0.039049415301573014,0.39988744886596345,0.2276828808701355,0.21330868794287158,0.07820773202014066,0.06243608552483543,0.23780371370286255,0.2219224183485429,0.2139739878168091,0.042045441575421116,0.033427576918492644,0.3632608309412636,0.18498645912740866,0.13047114546829872,0.07666939758255231,0.077887447505968,0.4065311138877111,0.14061716617935754,0.1308035098612089,0.15729223855161256,0.15063703744934456,0.5054679702872547,0.1738527918843824,0.1125004239913385,0.039018056075436104,0.03433260084267007,0.8140882459399634,0.01685734808198327,0.03769016460081644,0.04139019939553748,0.03296160329582793
42,0.846809416552609,0.07638518412374817,0.018186875758545898,0.017905099896439083,0.014663778950243405,0.6680380428231747,0.09600267406828027,0.03725335928624356,0.019709082738123253,0.016179131218764322,0.4406401205119734,0.33481689867946457,0.04360318298490306,0.09135526531789616,0.08740692371240981,0.3365623275332941,0.18866205556914956,0.06217626364056103,0.07059303528860918,0.06277286064311702,0.7189004290105557,0.08886211476127802,0.023695057239451763,0.06291787503741321,0.04211449244727082,0.5434339612612921,0.09999421889197208,0.1568610297647556,0.05314654361800283,0.03309674855072321,0.6827454655817181,0.05293555578456115,0.14015026965579108,0.03607630378877576,0.022551038015014412,0.652337563958761,0.07705200241223119,0.0490775686014816,0.021683169694203162,0.021664754732845622,0.6025003151599644,0.07200475899607843,0.04260244924802178,0.022564122863337702,0.016971966964550812,0.33304268885432103,0.13241364651613918,0.1291754370604472,0.08185821689756408,0.06177219852365214,0.26486405952346026,0.1584389914502493,0.12552209378244067,0.0861668235035443,0.057479322159416806,0.7526824925512092,0.05199388054020187,0.0243972168489947,0.08560696473780532,0.08717906992299994,0.3123061412385954,0.20828924459670098,0.057602003277438786,0.03216008260239153,0.029902064327258168,0.762332520251635,0.04003552517697243,0.032428657969919575,0.02612762010747748,0.026246044893485886
43,0.5900902509245859,0.07514412179216885,0.0981973521223631,0.13114985256763004,0.15109018964521015,0.8514919993822488,0.06366672265850289,0.03105378960216143,0.005500031575584831,0.005598454472755303,0.3330382946195909,0.072424855039422,0.18485429563420466,0.22758623037210182,0.22771030856378516,0.6778946412571975,0.05510740534010143,0.12491017944320819,0.05672725265712833,0.056437089441174544,0.18315149803705275,0.25563906364522637,0.18791601690506962,0.11418879654441083,0.11433795555109,0.3790623257443211,0.03696233159508073,0.3967761524080895,0.1378359409210981,0.08159483224034225,0.3426982821933588,0.12767667425079238,0.2816182488659524,0.09509311526809149,0.05824143633089939,0.13501125457654503,0.33333471805102677,0.18501425997010984,0.10534785392764143,0.0778362352326619,0.8902342560673957,0.03508289833685903,0.026560215705100466,0.019229214952651712,0.017511025249682493,0.7437878262122685,0.02468908865249682,0.1067260168697326,0.05781685859120122,0.04785577509672903,0.7019422432433401,0.10786466133785982,0.09988132289798508,0.039264080972709635,0.02101093451728699,0.6894693173106307,0.08613550007600733,0.05817144875526313,0.07190315474511606,0.09266668271515204,0.7974632699373303,0.08279814496026572,0.03384362120582761,0.026194831774653485,0.017976146213595254,0.49742811971433004,0.2536567267451154,0.04596115978045322,0.10291668020720833,0.08975998534652875
44,0.6800207558031562,0.11086740577203189,0.068840301531785,0.14448556308836966,0.1648542209677115,0.34662249228244274,0.13541910378370206,0.13659955521533826,0.14748911068026666,0.167557675819307,0.18142433992948775,0.2851417842003902,0.14770193905762333,0.221757517453329,0.18974152927074142,0.22158662673443572,0.16718105897146945,0.19766243950297735,0.2132535382809834,0.1955807824961765,0.8194953876276827,0.03801628478352677,0.07789248536595413,0.08075756872862602,0.09657394143821425,0.4283989006884485,0.3006332898258316,0.06428062783405467,0.10133420488285837,0.10262977434070547,0.2102233690534202,0.16311062292917494,0.2516035070685223,0.11926630774667991,0.12669014173098464,0.10658656471210864,0.11997640072430509,0.27563110525871154,0.15591022542370853,0.1263795891168661,0.47086409302637894,0.12066078687458916,0.1563284372128571,0.13519548974978823,0.0887648075758839,0.5257854485257132,0.1621428733169226,0.0661923314380002,0.1059260769177316,0.14797388509726897,0.2990111556546007,0.123744142181925,0.059688734219668894,0.2716118806673781,0.2091654371901398,0.5245180017902351,0.2890324915807102,0.04856733769051251,0.054523004682538886,0.06403034346545348,0.13909945139449745,0.30497594546916446,0.10797302208655447,0.29599196656267457,0.2651312480630194,0.8896385896454009,0.030804720129551887,0.008871246221227744,0.03258172829266116,0.042427610793204014
45,0.46028860227309826,0.3526219404271819,0.06746136855219867,0.09396695342982538,0.07435805135294105,0.8036503448671639,0.12803851764050933,0.08365289719633298,0.02538192362322258,0.03089293149545515,0.2743131809764833,0.3762988521900561,0.16264426526351328,0.16560127834385466,0.2079246173168309,0.563217881865401,0.17921706884570843,0.20276977345994965,0.05720615931666062,0.07264893779436865,0.3919538901118688,0.28151224235033606,0.12588271651286106,0.09173862672781774,0.10376191002942724,0.27422858018156687,0.4350456893394156,0.18952977869029627,0.08685734716792998,0.07523027292919998,0.51046744408415,0.24086660371356702,0.11943648369360865,0.07180140652511295,0.06555898422029335,0.5339923055491661,0.1570424848890056,0.051728989401530784,0.21720602427576327,0.18244210319608273,0.667147536097206,0.09328684291234737,0.07382800139458488,0.07387580474939177,0.08495799244332314,0.4758214825156286,0.103856708936544,0.2652132955927346,0.04478004218703745,0.05894188669660905,0.48378029059260824,0.11262964506317445,0.21747453065896052,0.09559977626778837,0.12003001508817579,0.7897015433547941,0.12745643816664104,0.015034732038356587,0.06144129048259851,0.0817947401281683,0.5035480826194838,0.18434953632203052,0.1928060066627345,0.037721064425117315,0.03669839059261703,0.5687020756873599,0.2485301052916407,0.03877455174783245,0.12522076230506782,0.10313800136514809
46,0.3441343787396808,0.30479819480799797,0.07239096355736546,0.1201787243247037,0.10989754397036638,0.28325708623426105,0.22563178374401288,0.10528891383373128,0.08300892744016064,0.09118698995603723,0.24319086159644887,0.14562321069476475,0.0722118794601292,0.27392168809099476,0.19100948269930626,0.21112119646188382,0.1960921212327728,0.11492446548730703,0.14337778542483226,0.11063483485410756,0.554332443894558,0.16100485871598194,0.04230568071366526,0.039133756420405154,0.04293758885713124,0.49659871419931373,0.07626040990580418,0.15629342242201988,0.09099058848873916,0.07150541713063804,0.32424866323451784,0.0897704796730398,0.23567266079129856,0.09836585978445768,0.06282811871865447,0.3186916278325615,0.2761246889936233,0.10910338308757955,0.06718500025126162,0.0906569060327592,0.5238900446215649,0.1481832951089303,0.10640399314486236,0.07516797189196478,0.06924052645775433,0.380762036315949,0.13384399847752246,0.08506003778016719,0.041546824600577834,0.028049185098461958,0.3778915243684644,0.10693553449968649,0.07446701044009964,0.040508164650506814,0.0381579594384747,0.6052176742562111,0.0686783702506754,0.10395562227554792,0.1853082250047719,0.19449110245679546,0.36960121827688786,0.08078539113870392,0.13373055182265217,0.024304784328412484,0.021643042483679483,0.7221834406263856,0.10226196755586338,0.042291469531834304,0.08352853260092354,0.07830211909991538
47,0.7270155810379145,0.10310391473065031,0.03568482292490111,0.019547767017091842,0.01640015824878218,0.5945634568561616,0.0729467082109903,0.08482924850731584,0.06580555529606352,0.07145276839249143,0.4127152043035544,0.13663786884136078,0.10643108651616293,0.2121942570093717,0.1599594504556631,0.6252093317677834,0.1022754751559327,0.07716538754114424,0.08616769130233197,0.09016461678417399,0.5721859976138444,0.1370795360900919,0.07671967059263832,0.1113548896051603,0.12133829822163784,0.47351471946192236,0.07201379623980562,0.1419616282034678,0.11728828259447827,0.10856535811782342,0.3398785004658213,0.19078226081169855,0.14500761343769664,0.11155178651113593,0.11487641798188587,0.1480128275330463,0.3224585028137128,0.04310957450139342,0.1470468984991485,0.11887960325238851,0.5658571330797539,0.12418177072538089,0.05819622864639756,0.06290757967106794,0.0652666158719926,0.5728892801267803,0.1863717416259078,0.12546106683884212,0.03510916548442242,0.03978805525112834,0.7359185490660484,0.06320039547727532,0.12009365681698755,0.046667599940637926,0.05713791865517447,0.27210022074795026,0.179005021579709,0.060318776885294065,0.14071835655347104,0.11787945518617937,0.3618870726497296,0.11617841810773513,0.27992954456468605,0.08313960304453016,0.11032020298141547,0.4516709327364466,0.20061316203811452,0.12421567111193885,0.11741824455082063,0.1372766418164234
48,0.557261934376266,0.17103622726717638,0.04772666783383163,0.10911117758543773,0.08349582937678868,0.885403773906939,0.06279119433427198,0.038028202836248276,0.05514555136357503,0.06235657131463209,0.1509491021905827,0.44433806462452335,0.041113186035262726,0.22832896955943596,0.21141783588672158,0.4028894071564652,0.1949430443894935,0.09030188154922404,0.17498733343328401,0.1579861657376485,0.5390496533420057,0.16439070788104787,0.13477276636084676,0.04513282539386914,0.03221629715009888,0.3618440619218558,0.1437639259831155,0.17691902228972323,0.20517311001692481,0.1560169297669456,0.7306445188849181,0.03265436293017341,0.06565372833785103,0.08605751003818503,0.057547684447871325,0.7484006020233589,0.07742134293169782,0.029947676995727725,0.07655624383456919,0.07886250490918112,0.613203629889965,0.16392250193682506,0.08211764909436993,0.08091290472775346,0.07870591229658092,0.45306065284465974,0.2606237836466173,0.17526094703807646,0.06762858422221246,0.04478132038379133,0.18023760578743328,0.19443961906068874,0.3750436522521325,0.10612557585812539,0.12636136467897915,0.4011138545556916,0.29389769675463967,0.08025073693115593,0.12778369702706502,0.12809374513010127,0.655273963733139,0.07452042800998573,0.08869421231764875,0.045178101756557,0.04987069494279101,0.6099038652934193,0.20208230375643368,0.032639706320683776,0.07958879005201723,0.07639451868885705
49,0.6787263818985538,0.1142670340796474,0.08254107762393477,0.02486777104285783,0.025668051595793228,0.6868325860708508,0.0674817910079502,0.0782266867440395,0.02038180248743895,0.02095583328195568,0.2765839524044959,0.3859449758878254,0.10278443346633162,0.040975792109174694,0.04870227766657354,0.41986496900913206,0.14320936524353092,0.1581287578060294,0.043608747839734265,0.050369082127144034,0.7156137459861692,0.08344399574474716,0.07492868259289857,0.03654833371460384,0.03275051859165629,0.3828968933702484,0.13576167668132516,0.11682337614504988,0.03571495090825247,0.032753056963112016,0.3357140345033153,0.19310901458545468,0.14077214766968313,0.023833199954784036,0.026258824069720434,0.6228679617241215,0.08497394996267378,0.1377124538251812,0.023912348577844075,0.03078080017115394,0.796067331468631,0.028406549430787794,0.053488475057005616,0.0314172566374727,0.029214583391516624,0.3700121935170203,0.14910431794346543,0.19820694304354453,0.03848555573044297,0.04189805404823848,0.6199041168831904,0.10862856440857765,0.04951238340351262,0.02039979188182706,0.01985442322568573,0.5630455998102611,0.17057536723300643,0.1620775052746873,0.058185760022548244,0.04383455571197556,0.4673778650360132,0.1366470627936392,0.0669481001743941,0.014649289506128755,0.01275660869634712,0.6092375381521579,0.08516434087732117,0.1308437601688577,0.05679367080930653,0.055998913484646584
50,0.6040075507447127,0.07893300765869683,0.16372608849502046,0.06269462640574118,0.06280840803237822,0.8133445949641774,0.0973946675113467,0.013409548230943839,0.005288133078942698,0.004244223064419116,0.386489012430323,0.15631569756815078,0.14772919457381645,0.05743295781453402,0.051116026769509104,0.7688196014948618,0.09133465924841305,0.01071336139482547,0.015861113575351225,0.019030833168498,0.29943416360273806,0.26254223657481374,0.24334981165333003,0.05136320289659135,0.04606227121014174,0.43841167335566766,0.07652913498295819,0.3412711063779847,0.04703759865768998,0.04847722503995699,0.46554960495762726,0.11989428137686935,0.23400321671142807,0.06328206942120174,0.0663904212301529,0.40639618914753506,0.11189176953035077,0.1456183642754857,0.07605977484085781,0.07126520831905364,0.7381434544717903,0.03085444954031646,0.09455669835623443,0.04288032334452719,0.037116891471129794,0.6016261473887519,0.04177185001499714,0.02785415203979189,0.016247467053757018,0.015060214809587863,0.7250109438778187,0.02710671777899056,0.054437859235901546,0.02353943606713584,0.02286605865521454,0.6489557327019113,0.10217133291211279,0.09288457829953083,0.06156695909522785,0.04423758106233659,0.7593317142478547,0.03701293228660921,0.02980243336800208,0.009532805627774832,0.010294744541543693,0.2941736514882667,0.3141638031053213,0.19140603965421324,0.05318984175019904,0.05622669120539988
51,0.5417904640375178,0.2702170970330689,0.04368158643918126,0.033924652714299425,0.06414934261857279,0.850830555904712,0.07017510656334677,0.03852857502471603,0.0030404224599656945,0.003993333599557604,0.33589161361951586,0.26704697040351033,0.06814263765444407,0.12464990764834973,0.13638887987321757,0.7920388236777082,0.0734031836758474,0.043068013356191356,0.01096137865965102,0.015744738990727872,0.6102023621117241,0.04886303764811703,0.07323917178853977,0.019578778313603242,0.024227831661064757,0.4039434257770978,0.18869004636480724,0.04530021519369279,0.08892039486983824,0.11059743050866912,0.7355039426157896,0.10231899488097279,0.06007884662484214,0.03873269734691376,0.042803249776261786,0.558647689917898,0.12763283096830003,0.1018077853076107,0.039799241817382466,0.038505045569665296,0.2468722683077373,0.3085506139755147,0.18188975472321864,0.061999077421355096,0.07962944169379074,0.47792297650404786,0.17207314080531988,0.10770443620461152,0.025810275217376128,0.024182555113259,0.6494068880645179,0.13919852565064353,0.08433724996235034,0.009618965348749463,0.011930221321491635,0.6500785800614733,0.0817901648974199,0.04633877628576049,0.05024233838230647,0.06685237493795847,0.7523838247739364,0.105743874214055,0.052441775894776485,0.00724954160244563,0.009353768125866321,0.7787937927164414,0.06119819620912683,0.06555916114174863,0.024182998289563384,0.027632492688767024
